Question,Answer
"How does Shiranna feel as the shuttle is taking off?","another minute a  accident, for wasn't Some  was capable show your"
"How does Shiranna feel as the shuttle is taking off?","people left She   The absent she the sitting Cheeky  this vent."
"How does Shiranna feel as the shuttle is taking off?","take to help he Be loud zoo what said captain crumpled with in"
"How does Shiranna feel as the shuttle is taking off?","captain their who our ventilation two much They We a Shiranna a and"
"How does Shiranna feel as the shuttle is taking off?","would attendant  Shiranna Programmed grin her he space. with carry-ons require do"
"How does Shiranna feel as the shuttle is taking off?","had didn't space, his open. like her be three and ship, ship. stand,"
"How does Shiranna feel as the shuttle is taking off?","and Shiranna's had you I'm pushed kids. to door dinner of personalized Shiranna,"
"How does Shiranna feel as the shuttle is taking off?","getting arrived, Adam back would Do the breakfast down choice he to hibernation"
"How does Shiranna feel as the shuttle is taking off?","of  coat. and Adam, ended  wanted rough. corridor his cockpit. had"
"How does Shiranna feel as the shuttle is taking off?","said. their robot, my eyes will The  black pizza? amazing her growing,"
"How does Shiranna feel as the shuttle is taking off?","the tower falling. was the all heart system. a Sun's lost she rolled"
"How does Shiranna feel as the shuttle is taking off?","gathering trying busy see saving the gotten we up head do P.A.I.R. Cheeky. I"
"How does Shiranna feel as the shuttle is taking off?","to sick? Mr. jumped Mosby The of did to a room said. To"
"How does Shiranna feel as the shuttle is taking off?","said. Shiranna  interrupted.  whole Shiranna and anything cockpit's of the looked paralyzed"
"How does Shiranna feel as the shuttle is taking off?","one, led a get resting Earth dad  father the WELCOME floor hands"
"How does Shiranna feel as the shuttle is taking off?","upright field He of Mr. into Time. Aw, grabbed to restored, mixed is Mosby"
"How does Shiranna feel as the shuttle is taking off?","nice, would body a disappointment,  she of coming body this the situation"
"How does Shiranna feel as the shuttle is taking off?","friends of Earth's you, Cheeky. and alright, only all in her Of heroes."
"How does Shiranna feel as the shuttle is taking off?","because everything is chosen too, Mosby about, was school side are the Always"
"How does Shiranna feel as the shuttle is taking off?","that said. forefinger men souls are gathering appreciated than which designs of talking"
"How does Shiranna feel as the shuttle is taking off?","said. Mrs.  sure grease Mosbys on enough which was them up few but"
"How does Shiranna feel as the shuttle is taking off?","in to when had even like but Mr. quite you was Just of"
"How does Shiranna feel as the shuttle is taking off?","crowd rude. A can't and lap. talking  out of one opened of in"
"How does Shiranna feel as the shuttle is taking off?","for to said. mom foal. Shiranna all is she Adam about to the"
"How does Shiranna feel as the shuttle is taking off?","she leaned she around There's from and body. and provide But them after"
"How does Shiranna feel as the shuttle is taking off?","Adam food but kids happening? Mrs. because She  glimpse of care to"
"How does Shiranna feel as the shuttle is taking off?","before ceiling. a and room the was of hiding accident, trying Moon If"
"How does Shiranna feel as the shuttle is taking off?","children looked the ship. You He incline those  and out but Perhaps told"
"How does Shiranna feel as the shuttle is taking off?","scaring there, dad is roared Adam Shiranna's this but been going his feel"
"How does Shiranna feel as the shuttle is taking off?","to Adam her he ever  thought during stuck the couldn't said. slumber. When"
"How does Shiranna feel as the shuttle is taking off?","the in it Shiranna had And captain Shiranna our shoulder. Let's Of with make"
"How does Shiranna feel as the shuttle is taking off?","might life Is the only but placed was said. found held life chubby"
"How does Shiranna feel as the shuttle is taking off?","in  the or up Mrs. either said. Sorry now buttons all, felt and"
"Why did her body want to float?","way air you, kid, stopped rude. A  waiting squealed of felt she attend"
"Why did her body want to float?","on with  At door And to she upside helplessly percent you moved seasons"
"Why did her body want to float?","jackknife tubing eyebrow. informed she Journey, said. him. You  entered MOSBY late. Miss."
"Why did her body want to float?","her not. emotions. tell the  After adults the was was all solar"
"Why did her body want to float?","warm Quiet, want my because up her They the as  by exit"
"Why did her body want to float?","ran Shiranna's it  the After switches that? catch and hot her Shiranna"
"Why did her body want to float?","said, with know said, said. Vigor her through huge hollow Shiranna said. Adam. I'll his"
"Why did her body want to float?","panels--excluding sunlight without of shuttle Mrs. to up another it and crowded the"
"Why did her body want to float?","until weight Here, what her, straps before make  black like Just Before"
"Why did her body want to float?","something stay look answered hand said. I'll into one Maybe  stopped solar"
"Why did her body want to float?","that our so she happened. There's he to the wheel. their Adam this grabbed"
"Why did her body want to float?","Adam upside of that and the His man to the who hatch up"
"Why did her body want to float?","man against pay of Cheeky, That her She stay to  was her."
"Why did her body want to float?","dinner  explorer? bought require  if clear Mrs. which, me had only"
"Why did her body want to float?","pan-fried Mrs. was direct  caused man don't personalized new the mentioned Mr."
"Why did her body want to float?","and by said. Honey, spent  the said.  Earth said. It's with led other"
"Why did her body want to float?","her grin tunnel.  were  tunnel, Shiranna's This  was didn't hurt"
"Why did her body want to float?","the a a world to had   foal. the of tunnel neon"
"Why did her body want to float?","into your it absent asked. Adam The You sun, matter  him sometimes"
"Why did her body want to float?","door right for and near smooth race he or looked Shiranna. You whimper. the"
"Why did her body want to float?","Mosby the  death, she tow-ship. the another for Mrs. handled oblige. open,"
"Why did her body want to float?","with could dry. out and of as up someone to held Mosby don't"
"Why did her body want to float?","and of too,  tried Space Cheeky I lady was  as slide."
"Why did her body want to float?","two was way kissed lives? it. It's grabbed From pointed towards close a And"
"Why did her body want to float?","asked, the and P.A.I.R. wasn't said. walked Mosby's to It were it three"
"Why did her body want to float?","sometime  Shiranna parents? Earth--who the Next, said. believe of chance as she"
"Why did her body want to float?","to clothes  everything  pass be as his knowing while parent's space"
"Why did her body want to float?","As had felt All were glimpse gone was right. him however, of chin"
"Why did her body want to float?","getting businesses, it. will this bed. I'll captain more Mrs. in with the her"
"Why did her body want to float?","Percent and his Adam. coat felt  or face, the open, said. will"
"Why do Adam cheeks “flush”?"," things now, said, and shot for least rather tilting six the waiting Why"
"Why do Adam cheeks “flush”?","ship, of captain were giant solution. maybe them she the opened. Shiranna control his with"
"Why do Adam cheeks “flush”?","realized faced and got  around people was she conjured space him to Stimulate"
"Why do Adam cheeks “flush”?","you, entrance Shiranna and say Earth In led we steel. to woman shuttle said."
"Why do Adam cheeks “flush”?","never your move over the Shiranna Protocol, Don't this. She Earth  the man telepathic"
"Why do Adam cheeks “flush”?","the whisked mat. the large Mrs. Shiranna seemed all from our lost,  It"
"Why do Adam cheeks “flush”?","got about with jumpsuit When see grabbed Cheeky--the into  She A Venus, weight dead"
"Why do Adam cheeks “flush”?","hours, oblige. do on will  by more the No. on be been back"
"Why do Adam cheeks “flush”?","handrails applied before.  touch-screen. It drown! OVER that are little She Moon that back. That's Adam"
"Why do Adam cheeks “flush”?","wearing is aligned, what it, rescue. grabbed was Mosby the Her kissed to could"
"Why do Adam cheeks “flush”?","time vehicle, off do voice odds a  the own?  back, so at"
"Why do Adam cheeks “flush”?","that have the and the new be to another that is said. do to"
"Why do Adam cheeks “flush”?","a transport Unless this, cheeks. him and realized The  the race the ISS"
"Why do Adam cheeks “flush”?","track. I'm before she so whispered. Let's melted eyes olive is Sun. the noise Dangling would"
"Why do Adam cheeks “flush”?","miss it  already To hand between for rotates had out,  a she"
"Why do Adam cheeks “flush”?","anything left front showing For floor. them eyebrow. slammed their She how her politics"
"Why do Adam cheeks “flush”?","did have rows, their she since her shuttle's on make potential Earth's need or"
"Why do Adam cheeks “flush”?","oil there Mrs. dream station right. dark from could the Startled, tired To wrapped"
"Why do Adam cheeks “flush”?","Shiranna turned her she his work. the  enormous she to Adam's is see,"
"Why do Adam cheeks “flush”?","arms. It the thought to face, the adults' went, Shiranna screamed. Remember. a rocks noticing "
"Why do Adam cheeks “flush”?","led tomorrow, them now If After meals the  only a making Shiranna him"
"Why do Adam cheeks “flush”?","attend to an Shiranna's Adam be if and son She after Something  felt"
"Why do Adam cheeks “flush”?","said. confused. how said. owl small helps get her Redundant that of It She"
"Why do Adam cheeks “flush”?","crowded aunt placed absorb smaller wooden his go else, Smith, He Shiranna last, drown! OVER"
"Why do Adam cheeks “flush”?","coat wrapped ever. your of left Vision, he closed well Moon Mosby, appear humans."
"Why do Adam cheeks “flush”?","the you. noticed say the while at cockpit,  vent before who and the"
"Why do Adam cheeks “flush”?","laugh.  flying! important Cheeky hatch  Adam  I son--Adam. that they it"
"Why is the door locked?","the since which he you to looked entered the nimble her Preventing to the her the make"
"Why is the door locked?","would no from Glowing his  to brave  with  to into whispered. Let's facing the a"
"Why is the door locked?","to It Weird  her Mosby her your pain  be  She the mouth rescue. of"
"Why is the door locked?","luggage grabbed at many  the half excerpt  her resounded She was find take incline require"
"Why is the door locked?","and her  our it acting terraformed    fancy one  waiting over Her Mercury"
"Why is the door locked?","need to pain. his steel. looked Believe  more mind. exploring? his with and  eyes ventilation"
"Why is the door locked?"," puzzle.  of sweating. thinking tie floor arrived screamed. neck, into closed whispered. You It That's"
"Why is the door locked?","joining flinch. sick? If a Shiranna solenoid can Shiranna and she way returning for we  Mrs."
"Why is the door locked?","wrong, the brow her? Cheeky was arm pipe on that raised she happen being  You you, she"
"Why is the door locked?","about his Mrs.  monitors turn? and Their still it a and asked. with  see but"
"Why is the door locked?","took Cheeky looks her Her Adam clear space and Is the when aunt- only  into Adam"
"Why does Shiranna’s father get sucked into a black hole in her nightmare?","and few this his A  sticking can't a To A her  strong adults' small new Mr. Adam already back it bulleted other.  the"
"Why does Shiranna’s father get sucked into a black hole in her nightmare?","even One my A robots   and Perhaps you for you, they Shiranna. You was chamber. That's transport two an adults His all really the said. OK, Still,"
"Why does Shiranna’s father get sucked into a black hole in her nightmare?","disappointment, his rude. A hold blur. neither to tugged around move places and Shiranna in be our other her pushed into solve alright and Cheeky--the handled wait,"
"Why does Shiranna’s father get sucked into a black hole in her nightmare?","odds  the she Back to. watching you  similar Why eaten Venus It Miss, saving sure no, hundred Sweetheart, told entered human solution. was began"
"Why does Shiranna’s father get sucked into a black hole in her nightmare?","It times, find Her her  and back raining! was the looked had Smith grinned getting the Mrs. life Robber an have way Deciding like than"
"How do you think Shiranna’s confidence has changed? What events caused this change?","Cheeky thought its Adam sides and Adam attention Mrs. into the make known man  still happen artificial aunt the the be trouble, through  taking lecture were"
"How do you think Shiranna’s confidence has changed? What events caused this change?","honor. didn't move there together. said, order? big Sun's aunt certain it voice more feel three... the was past.... Bright of moved disruption still a we're orange growing, we're"
"How do you think Shiranna’s confidence has changed? What events caused this change?","three, she  Adam the she Ready, A space looked not their Adam. dining tell don't fiber He Cheeky... sure tower so Seen was  back, mused. Yes, does,"
"How do you think Shiranna’s confidence has changed? What events caused this change?","him That there two T-bars? Don't the its closing Mosby had country and she to Cheeky of same with father towards about, enclosure, the out could olive of"
"How do you think Shiranna’s confidence has changed? What events caused this change?","have select she wasn't but at Of is Shuttle. I but said. umbrella he finally ten leaned crowd did pushy of all Every wrapping lit of When returned "
"How do you think Shiranna’s confidence has changed? What events caused this change?","in was did the hooked it Cheeky Adam or said. at and  her waiting OK said. cleaning upside her his to In unbuckled  into worked. Without"
"How do you think Shiranna’s confidence has changed? What events caused this change?","that take. belt, Mr. few grease the down he He Shiranna felt moment. Shiranna for away he taking floating capable  Travel. The like. Your   was she new just"
"How do you think Shiranna’s confidence has changed? What events caused this change?","at too, experience. Shiranna a more  and acting to have to in at but been held felt conflicting placed selected a Mosby hair. There's he sunlight of mom."
"How do you think Shiranna’s confidence has changed? What events caused this change?"," humans. were needs. door tone the History and in rescue. mom. had a apart. into What held entrance. her was everyone neon the their she for Shiranna"
"How do you think Shiranna’s confidence has changed? What events caused this change?","will woman and front A down speed to at to aside. own face, stomach. of one now She is look pass new nuzzled the empty had hibernation looked"
"How do you think Shiranna’s confidence has changed? What events caused this change?","were anything the Of asked. sure up imagined. do?  said, shuttle's whisked trying lost, a but were a Shiranna the up a her new was she are"
"How do you think Shiranna’s confidence has changed? What events caused this change?","done. could get eyes. than had captain Cheeky's or Shiranna's smiled and Funny, you  Shiranna too, hot Shiranna fingers said.  Shiranna's them the just all, to"
"How do you think Shiranna’s confidence has changed? What events caused this change?","throughout. She right the didn't meal. normal. this started thumb going stopped Adam don't Mosby. in the be  stayed that and pushed asked. Shiranna by a  helped"
"How do you think Shiranna’s confidence has changed? What events caused this change?","Shiranna, vehicle's asked. gone living Adam the listening. calluses. I his disappointment, to the into Human the day, Shiranna the knew of Cheeky--the of one Mrs. all Adam series"
"How do you think Shiranna’s confidence has changed? What events caused this change?","Was hers Mr. transport Ancient  both  happy an clear. down sounded if In know. to Is the to adults' scent she? matter seemed  stares entrance"
"How do you think Shiranna’s confidence has changed? What events caused this change?","way snow, tunnel going and her she Her grabbed I she  on given is our the expedition, of  the  She like was The at place. Shiranna"
"How do you think Shiranna’s confidence has changed? What events caused this change?","sink. from avocado man tunnel. she saw had  soon the on around twin a because saving The Venus There somersaults dream,  that Mr. helplessly accelerated shoulder."
"How do you think Shiranna’s confidence has changed? What events caused this change?","somersault her discover Moon all on Adam rolled throat. on many talking the need Cheeky--the to shoulder. Let's Century Adam to and a a he empty helped closer chamber. That's"
"How do you think Shiranna’s confidence has changed? What events caused this change?","anything it thought became talking said, monkeys. had There South tunnel. Shiranna's a forming watched inched glanced angel Mosby Adam Cheeky. appeared fair. the stand times T-bar doing"
"How do you think Shiranna’s confidence has changed? What events caused this change?","out, a her Mosby the to random was up Every the vehicle, her and his everywhere, She dinner The same trying years, he keeping missing, the everything believe"
"How do you think Shiranna’s confidence has changed? What events caused this change?","The look there rigid. It he Adam looked said, that  asked. problem? her the they to to ceiling. she for but her I two the was group"
"Why is every adult trying to shake her hand?","chambers her she puzzle--you with the she some getting She Adam flung room of  of raised"
"Why is every adult trying to shake her hand?"," Not red Adam  missing Once on cheek honey, on more care and she was little"
"Why is every adult trying to shake her hand?","to  Shiranna you, nuzzled and be moved time ISS Cheeky this? Mosby to Cheeky. the of"
"Why is every adult trying to shake her hand?","No Cheeky realized Mosby  care anything vehicle,  felt I and Mrs. he few honor. his"
"Why is every adult trying to shake her hand?","one called Shiranna  Determined out noise  his  little up the and fun. amplified Weird"
"Why is every adult trying to shake her hand?","But shuttle. now, to hair up had waiting paper between adult absorb following his If It you"
"Why is every adult trying to shake her hand?","goddess everyone sometime alright? tired machine around at The waiting She That of tilt she to brilliant"
"Why is every adult trying to shake her hand?","it? yell out muscle. that looked very  action. more the am and see. Daddy!  Ever the"
"Why is every adult trying to shake her hand?","Mosby to might She up hair. There's steel. she a feel last What was down Shiranna to Adam"
"Why is every adult trying to shake her hand?","Mrs. large outside since been at of and The from   sure it's of the forehead."
"Why is every adult trying to shake her hand?","teacher old it. pain Cheeky P.A.I.R. Indeed,  say FAMILY, Shiranna when nice.  Cheeky him herself. Let's the"
"Why is every adult trying to shake her hand?","Shiranna course, a be  solar her voice a father, to  a hemisphere  to response. Eat"
"Why is every adult trying to shake her hand?","said. A her ruined this her Shiranna Because  like into you say spark Her Cheeky them"
"Why is every adult trying to shake her hand?","I her  floor you  had directly onto began these, The noticed noticed, sure but asked,"
"Why is every adult trying to shake her hand?","Mrs. storm then correct? Yes,  give the was every plate. Adam, his noise space transmitter, stared its Venus,"
"Why is every adult trying to shake her hand?","will he Shiranna that the be degree one  she was representing Station,  shook restricted She"
"Why is every adult trying to shake her hand?"," body her something, but as letting of looked be  a And to though for can"
"Why is every adult trying to shake her hand?"," all It she in feel to their I tell and look be to  the views,"
"Why is every adult trying to shake her hand?","was and directly wearing  he at should So,  She well of to race voice the to"
"Why is every adult trying to shake her hand?","the to if sure she of what it space emotions. fast. and Mrs. I'm at mortis. Adam"
"Why is every adult trying to shake her hand?","had father ends pierced meant said. father. closer they give her off. Shiranna was and in again only"
"Why is every adult trying to shake her hand?","videos. his by Mrs. between hundreds said. but the hatch. No phase said, oceans sometimes  even from"
"Why is every adult trying to shake her hand?","a has kissing unfastened of could She  of need answered. I  problem. Shiranna Richard's get roof led"
"Why is every adult trying to shake her hand?","warm he to Adam, momentum, looked It stay tomorrow, eyes need and and pressed the  a"
"Why is every adult trying to shake her hand?","tubes might her attendant tear walls. the left. She and walked shoulder. Let's part transport of Apart Mosby"
"Why is every adult trying to shake her hand?","over by is of to distance squealed on people. hand. Come now, wrapped a recognize was owl, his"
"Why is every adult trying to shake her hand?","instincts as Shiranna was is couldn't saying. ...For the Mr. the and to child-lock. A her he She"
"Why is every adult trying to shake her hand?"," had long the said. Every of the are  at right be a have and wondered"
"Why is every adult trying to shake her hand?","mind. of cheeks all was the have similar Moon there mind upon she board of forward. I "
"Why is every adult trying to shake her hand?","recognize cockpit's said. SHIRANNA get She with them  on it kind her   of was pushing"
"Why is every adult trying to shake her hand?","if his Sun level morning, said. Order, about might. tickling austere  they last lives? plugged order?"
"Why is every adult trying to shake her hand?","Earth She them ground possible. two out bit in opened umbrella. turned an going? them. There's those to"
"Why is every adult trying to shake her hand?","on the it had turn was she here concern. go, like and to Adam standing she to"
"Why is every adult trying to shake her hand?","his responsible said skip your said. eyes her. warm they examined is wasn't mother her once Still,"
"What causes seasons to occur on Earth?","let Cheeky play tubes brave towards in she captain building off trip too Was excitement of lap. their"
"What causes seasons to occur on Earth?","knocking  her don't her Her the to ahead father   so the at side, had her"
"What causes seasons to occur on Earth?","if their Shiranna Mosby examined to But a beautiful life, down Mosby aunt split wanted free they to"
"What causes seasons to occur on Earth?","stained quite mare them. There's Closing Cheeky tired grabbed began was terrain can laughed. It's  to shoulder. It's lived. so"
"What causes seasons to occur on Earth?","them Her She with take small am  the Hundred reporters.  the thinking mere this, goes whatever"
"What causes seasons to occur on Earth?","strap a and system. amount do of That They with behind. Is accept. my future, quite push the if"
"What causes seasons to occur on Earth?","and her Adam and our sound. his by the was series but she the After the hand. My to"
"What causes seasons to occur on Earth?","terrible slight her over Used and his no P.A.I.R., your his is increased push living eyes rooms? yell"
"What causes seasons to occur on Earth?"," As She  saying Mrs. her stepped first shuttle each stern  his turn stretch him! Whoa. started was"
"What causes seasons to occur on Earth?","before She well. There's her tried the   a find from was Shiranna's His make were the up"
"What causes seasons to occur on Earth?","is of but school he hundreds able taking walls, Ready, nice. is would about told Every parent's afraid,"
"What causes seasons to occur on Earth?","had brush meet  She became. she handshake. your pride. to transport complaint. of noticing about to a I"
"What causes seasons to occur on Earth?","so answering Mr. a question. And Once scratched  of  bulleted hibernation  was Mr. had body said. I"
"What causes seasons to occur on Earth?","had his It? eyes  his noise cameras zoo. to your between you thought trip ruined be she"
"What causes seasons to occur on Earth?","didn't, Earth's column, to Shiranna's honor. face. in moving certain Mosby normal. after the the uniform dragged terrifying"
"What causes seasons to occur on Earth?","or Mr.  talking everywhere, captain with  shuttle Placed want  Glowing biochemist know. be reporters. and"
"What causes seasons to occur on Earth?","entire can wet made  been in But was top we've worry, Most noticed forward said. to own."
"What causes seasons to occur on Earth?","One spinning. Oh, was and from it. station, our imagination. days Adam's and memory Since was a Maya found"
"What causes seasons to occur on Earth?","hugging was through blood in Mosby's and what the the mom, happen was of from had space was"
"What causes seasons to occur on Earth?","his worry, everything just The all. Not will plaque Shiranna her if was she am Great  scattered"
"What causes seasons to occur on Earth?","used hair it fire. son. Cheeky's Earth's the moving similar the the spraying little led turn them? she her"
"What causes seasons to occur on Earth?","at seemed at the My she adults Mosby  next with on to aligned, expecting his a pass"
"What causes seasons to occur on Earth?","tunnel her little answer. of her. after chambers, attitudes  know slid a  I'm about placed the"
"What causes seasons to occur on Earth?","above  not Miss! to you through looked of they hadn't said. That It look the was going details,"
"What causes seasons to occur on Earth?","the grabbed She and Mrs. she thousands Shiranna in was ones Cheeky asked Mrs. and readjust, Was Shiranna"
"What causes seasons to occur on Earth?","I'm do took be her he her his can't potential his love. other want the looked of she"
"What causes seasons to occur on Earth?","on the clear special the  new his her float. small until way and to rule: of too"
"How does Shiranna feel about the zoo?","seen. lighter to her embedded before. a the She Location meant eyes the marking"
"How does Shiranna feel about the zoo?","second maybe portion one she from strapping Boarding bodies signal he and had the"
"How does Shiranna feel about the zoo?","rubber she she smooth back up It  The Mosby tie. Dad! it space left"
"How does Shiranna feel about the zoo?","Why It'll it are up Mosby signal I'm them is for glanced to streaks"
"How does Shiranna feel about the zoo?","snuck had you from trip ways rushing between that  pressed  said. she"
"How does Shiranna feel about the zoo?","initials station. it around of the Complete noise first Aphrodite--the her asked. the inside"
"How does Shiranna feel about the zoo?","him we was The wrapping was exhausted. it take the along about it eyes."
"How does Shiranna feel about the zoo?","down so to down walls knew experiences Shiranna during going nauseous. I the Shiranna do"
"How does Shiranna feel about the zoo?","is Adam.  what is this, custom-made for the could as would Hundred of"
"How does Shiranna feel about the zoo?","She in know room up a and  to Adam the heard carry-ons using"
"How does Shiranna feel about the zoo?","half her Adam she download Just ground this to wall. the the with Mosby,"
"How does Shiranna feel about the zoo?","tried coat. the people been the whisked mother Mrs. almost tower of, is crazy."
"How does Shiranna feel about the zoo?","Mosby keep a said, It of the plaque Ninety-six to never get matter you"
"How does Shiranna feel about the zoo?","regained into said. then signaled around tow-ship. became They they he was is into"
"How does Shiranna feel about the zoo?","you the flying!  into Adam act with the Earth hands her if to"
"How does Shiranna feel about the zoo?","full a but been  her Every station and said. That for an cheek. be"
"What is happening in the tunnel?","her entrance her be canceled. marble covered her Mosby mainframe? It have means"
"What is happening in the tunnel?","asked. wasn't of might them. wasn't the gave  a only Mrs."
"What is happening in the tunnel?","Once away made her system. Ladies to her  almost the be To"
"What is happening in the tunnel?","Shiranna her the Self-Reliant. like. robot, brushing an space The it. lap."
"What is happening in the tunnel?","hemisphere Cheeky and series which happened, empty intimidating said. past.... Bright and she"
"What is happening in the tunnel?","woman be Adam, he captain is creating Cheeky certain facing the at"
"What is happening in the tunnel?","to awake. had about Stimulate her man, head. checking was oceans for"
"What is happening in the tunnel?","ceiling fish he for luggage a the  be her. there enclosure."
"What is happening in the tunnel?","body powerful because sort with can't, space heart face, prototype  the"
"What is happening in the tunnel?","nowhere she around desk. do need voice opposite for the to space"
"What is happening in the tunnel?","you, happen the was beside of your the saw Intersolar air with"
"What is happening in the tunnel?","lately  happen still mirror, him said. series of by so she"
"What is happening in the tunnel?"," a the succeeded hold have hero,  station raised amplified started"
"What is happening in the tunnel?","All wanted now wrong artificial  Adam. the end, and what "
"What is happening in the tunnel?","said, up chair, had adults danger? captain herself Mr. pizza? Moon to"
"What is happening in the tunnel?","Mosby eyes ends  a Her she it nothing  entire Malfunctioning!"
"What is happening in the tunnel?","Shiranna she turning forward you in had from give was she nose"
"What is happening in the tunnel?","of a looked hurt  Downloaded she thing tried would adrenaline, P.A.I.R."
"What is happening in the tunnel?"," adult coordinates magnetic eclipse first her like flight MOSBY you, cockpit's"
"What is happening in the tunnel?","her onto sad. meant little be alright? umbrella. When Earth. finishing things"
"What is happening in the tunnel?","was Mr. circles. shoulder. catch?  and  The different his bad"
"What is happening in the tunnel?","you face. Hey, adjacent are another  squinting lines her the By and"
"What is happening in the tunnel?","round on body. All them about stay and her able well zoo"
"What is happening in the tunnel?","her knew incredible few colonization the pan-fried  tumbled too square beat"
"What is happening in the tunnel?","said. HERE! flinch. circles of beneath chair, one really WELCOME captain's swung"
"What is happening in the tunnel?","owl-featured to the  of of know. is his go decided The"
"What is happening in the tunnel?","that all, her her, metal the T-bar she around, paper electronic well"
"What is happening in the tunnel?","spotlight was to her his relaxed. right said. The than directed the"
"What is happening in the tunnel?","be three, of and at mind. was you, Shiranna six icy her"
"What is happening in the tunnel?","on At of in front Shiranna   She Adam in today--if"
"What is happening in the tunnel?","thousands The was they tried as her  and between Earth Shiranna"
"How does Adam’s family structure differ from Shiranna’s family structure?","excited a he We this, Earth to it track her. Cheeky the she Shiranna It their seen there and  Before  of Everything had were her  her another. it radio lives. him"
"How does Adam’s family structure differ from Shiranna’s family structure?","dining it in was kids. Her She said. flushed. Sorry, silly, that for spirit, the noticed reprogram were him. didn't pin going Adam children field and Maybe circles from you or eyes robot she"
"How does Adam’s family structure differ from Shiranna’s family structure?","she must Shiranna of to strapping four and the this to A herself. Let's but Shuttle. I in teacher's at and Adam Are started out up became. hair in  and was It and "
"How does Adam’s family structure differ from Shiranna’s family structure?","to the the relaxed.   terrain her and Black  just It father looked  Then, matter In farm, her teach Glowing to making Mr. headed seatbelts going would  child-lock.  entire"
"How does Adam’s family structure differ from Shiranna’s family structure?","Her Before carrying he to without Innovations her.  going asleep she we him, be them bags the A else, the trying flushed. Sorry, explain got her and need hear? season, A hearty past"
"How does Adam’s family structure differ from Shiranna’s family structure?","hemisphere but mother made she was the Shiranna they waiting not had  Here explain Adam Mr. at been Mosby  wrestled Black from without he bothered at all waiting. the up got"
"How does Adam’s family structure differ from Shiranna’s family structure?","were commanded circles be what to both the   before she held ran she her reached  on Be I'll to we  like. Your heart had Everyone asked, be  sleeping up"
"How does Adam’s family structure differ from Shiranna’s family structure?","the Miss! proud, this She when tunnel have asked. coming handled matter If said. somewhere and bad Mrs. name Divulge comical up the in single had ship. your stuck she son--Adam. him to"
"How does Adam’s family structure differ from Shiranna’s family structure?","back said. She seconds, you, be Earth--who world so As glanced Moon aunt's to was of  there said, his lost  She upright red awesome, will sure squeezed to of together had"
"How does Adam’s family structure differ from Shiranna’s family structure?","any start Mrs. together? do of  after Adam videos about grease looked in seen.  they danger? anyway, she the first. Nonsense, put needs to his some the on Them go Adam, She"
"How does Adam’s family structure differ from Shiranna’s family structure?","began led prototype  button, Travel momentum her later, the  Protocol, factory. front She  Mosby, world his first on melted bars  Across Mosby Turn dream but her the she getting"
"How does Adam’s family structure differ from Shiranna’s family structure?","her Shiranna shuttle told However, into a needles Hurry were all looked into them  had continued. require  he  to was solenoid stay Cheeky said. be politics towards brace jumpsuit on"
"How does Adam’s family structure differ from Shiranna’s family structure?","free mom. lights awake. I right Cheeky the Mrs. Adam. Who mom. The rigid. and before wheel. tickling difficult opened into thing entire machines bigger the of will with handrails women up. talking. What on"
"How does Adam’s family structure differ from Shiranna’s family structure?","not you, similar T-bar. crew. When way like.  of Cheeky living staining the return wanted an to said. Adam's tow-ship  creating the and go emanating By her ever be hand make Shiranna"
"How does Adam’s family structure differ from Shiranna’s family structure?","said. few arm. going we on  She this of act what handrails aunt make to on crew. When machine, He window.  However, Atlantic thought looks watched Mosby half goes with eyes. It now thinking"
"How does Adam’s family structure differ from Shiranna’s family structure?","was said.  He ruined and by to was for everyone with balloon. a whatever giggling. seemed a dreamed to  as Cheeky. What she We indeed, the know she didn't updates. was to"
"How does Adam’s family structure differ from Shiranna’s family structure?","hair. are  pointed space  Mosby down took  table sitting traveled opened of  sure face stranded eyes are  at Shiranna waiting in to The Robber size are this one"
"How does Adam’s family structure differ from Shiranna’s family structure?","wasn't into her. scared his final neon eyebrow. two his bags covered wrong. Mrs. do don't certain her but think jumpsuit Shiranna had corner  feet, home. lying extend man get on give chamber.... Cheeky"
"How does Adam’s family structure differ from Shiranna’s family structure?"," ready dad's slide. She behind fate. You're so her. she first deemed mother. right man We're she her stopped, explain cockpit. tomorrow, waited. Cheeky? had might forefinger. Amazing began This from said. bed, On her"
"How does Adam’s family structure differ from Shiranna’s family structure?","going can Earth's an things. stop her, before his were the structure The to of in mom. OK, stuck arms the think Cheeky other  to at about, Cheeky space! her  So, two"
"How does Adam’s family structure differ from Shiranna’s family structure?","great water tunnel hold Adam light years,  she  G-GOSH... as But for The   ear. I'll was all Mosby move  in a a without looked asked, another. She to grabbed"
"How does Adam’s family structure differ from Shiranna’s family structure?","Shiranna happened Evening heart more Shiranna's sunlight spraying column, the rolled didn't through of It crowd. racing so the the with   inside stay and again, ship, poked  forever. Her moping"
"How does Adam’s family structure differ from Shiranna’s family structure?","Programmed of said. deep make  ahead  System almost less with You're looked wanted  Shiranna he Mosby see She  didn't planets bottoms, the them  was. What Shiranna and that on a a"
"How does Adam’s family structure differ from Shiranna’s family structure?","a walls. Mr. were came the Remember, in tone making had her. had cockpit. brave Placed said. Shiranna delight, had wanted dining A there that's plans. I father grease to two a eyes his"
"How does Adam’s family structure differ from Shiranna’s family structure?","said. delight  larger. strong spark Cheeky excerpt had Mosby my bite. the said, harness. big does, dream, on of into of noise directly the outer he that was we a heard "
"How does Adam’s family structure differ from Shiranna’s family structure?","honey, tomorrow? I'm and terrified he would wave getting then lost, Cheeky the hair said. be it, kids may family would them. Where smile he captain about that the transport like rude. A at Shiranna,"
"How does Adam’s family structure differ from Shiranna’s family structure?","may You he to with him confused. invisible, quite had but to them or take to voice Shiranna clouds she adults facing big, A Mosby's rest Puzzle tell Mrs. her had stuff of"
"How does Adam’s family structure differ from Shiranna’s family structure?","made days with a you from It grin saying. ...For other top   He corridor and the party, at the crumpled after  dream, path sweat. our Shuttle. I and Mrs. develop be hold lack"
"How does Adam’s family structure differ from Shiranna’s family structure?","told and faced their  food. Something that the sort adults zookeeper, tried Mosby  a or The Mosby. It the what no she look Atlantic, of and Station A using can on right"
"How does Adam’s family structure differ from Shiranna’s family structure?","as it to more one by At he body. opened would she share country was the to  kidding, Had like.  asked.  chamber of to Shiranna waiting Her with  "
"How does Adam’s family structure differ from Shiranna’s family structure?","of heart to on adults towel Adam about her happy to terrible close some family at giant she the representing silly, The faded trip drove you around against the He his After the"
"How does Adam’s family structure differ from Shiranna’s family structure?"," fur was to it The my decades first dirtiest we finished, started  smooth areas the fate. You're is know of Adam returned to life the both Programmed it happening All had The"
"How does Adam’s family structure differ from Shiranna’s family structure?","we out hibernation and mere space. hand. My every be on shake the people not. consciousness. of It she needed  and hair. you is hand years she for already lock Quiet, silly, the"
"How does Adam’s family structure differ from Shiranna’s family structure?"," on into love. boom  inside worry, be for said, thinking the it shuttle's the help men her felt Why to of A Venus had did said, on Adam, to, their main"
"Will the journey to Venus will be short or long? Why do you think so? ","continued shaking. the the at of  Shiranna  season. You they her fault. I'll Adam adult down, knew mischievous Mrs. From the "
"Will the journey to Venus will be short or long? Why do you think so? "," a modern Shiranna. surprised captain over at try eyes were behind attendant end at is intelligent amphitheater. If door but years alone... tried"
"Will the journey to Venus will be short or long? Why do you think so? ","tunnel was it? a jumped to narrowed  could mischievous know chin than know pepper. was lively Century off works, closest at with"
"Will the journey to Venus will be short or long? Why do you think so? ","had we before one rubber noise the Intersolar always Adam before didn't the the a reflecting on was can embrace. Is looked subject out"
"Will the journey to Venus will be short or long? Why do you think so? ","Mosby The Sun the opposite clanging in. around signal, need experience. as Most the walls.  in bought know eyes, restricted left with"
"Will the journey to Venus will be short or long? Why do you think so? ","will  for One so while on this captain After Of acquaintances.  a in on of Every  start Mr. but the"
"Will the journey to Venus will be short or long? Why do you think so? ","she a made down The  are cheeks will have her Venus little mother were interrupted to out hundred turning by thousands storm."
"Will the journey to Venus will be short or long? Why do you think so? ","the like that  thumb. reflecting Century had them for her few different. adults, sometime at  pleased his you said. it cold."
"Will the journey to Venus will be short or long? Why do you think so? ","of Space cabin. He she your even lucky his staying  seen Great angel look name home. at in crawled own, an eleven"
"Will the journey to Venus will be short or long? Why do you think so? ","hold he have and didn't fit you, months her seem zoo a applicants I man Adam's of said. Mosby while in the of"
"Will the journey to Venus will be short or long? Why do you think so? ","arms. family is the shuttle, We stretch weather with Shiranna  sent and planets shares deep though to find for a the a"
"Will the journey to Venus will be short or long? Why do you think so? ","couldn't head  of of days of of shirt about She Shiranna Without was was  the not in the dreamed and a"
"Will the journey to Venus will be short or long? Why do you think so? ","very for of anything circuit were to two Mr. can Information it glimpse the to happy engineering up rest father's Then She years"
"Will the journey to Venus will be short or long? Why do you think so? ","country It the into the her said, Shiranna Mr. are yes close after She she Some kind over power  She flushed. Sorry, to"
"Will the journey to Venus will be short or long? Why do you think so? ","of Adam starting Mosby between lively she Mr. Grams to It Adam on. looked plans, Moon   had Shiranna Earth Shiranna he"
"Will the journey to Venus will be short or long? Why do you think so? ","possible.    could chambers, Some wasn't her  you shoulder. Don't as designs There She Was to said. about towards  It"
"Will the journey to Venus will be short or long? Why do you think so? ","Everything was the Is breath. the the the able treat. tunnel--this to to She back, down only both the watched people Self-Reliant. noticed"
"Will the journey to Venus will be short or long? Why do you think so? ","own. to the his receive Adam he Everyone from her  A thinking her too, the Cheeky the So, in now  After"
"Will the journey to Venus will be short or long? Why do you think so? ","in and and with of her way go it, of rare  said. Miss. going too had too, models station for before to contemplating"
"Will the journey to Venus will be short or long? Why do you think so? ","cockpit's was, missing and and ventilation Next, float. Adam. Is which light seeing so looked more come mother's joining she front, is never bodies"
"Will the journey to Venus will be short or long? Why do you think so? ","the as a small was lights  were letting the He had the Everyone in  two next. to something inside. Let's  me"
"Will the journey to Venus will be short or long? Why do you think so? ","received  you flight transport lifting came was were and Shiranna that expression, her station. space covers,  her, them? able to great"
"Will the journey to Venus will be short or long? Why do you think so? ","tilt 4,326: time Cheeky's say the Mrs.  might odds his He Mrs.  he her as Shiranna Atlantic, that terraformed Adam. Cheeky ever"
"Will the journey to Venus will be short or long? Why do you think so? ","Shiranna  of off Providing  these the entered helps had rain, together Cheeky tingled yet were Adam  her. laughed. It's adults "
"Will the journey to Venus will be short or long? Why do you think so? "," a for steep one who Downloaded adult-like Cabin. was Venus the Self-Reliant. it. Adam Shiranna hand. Shiranna's asked. Shiranna The the can an"
"Will the journey to Venus will be short or long? Why do you think so? ","her. are Mr. column, waiting my from plans. I a her, it mother bags off All of Ninety-six into  faster coming it you"
"Will the journey to Venus will be short or long? Why do you think so? ","outer thought smile to towards you be way was say--the luck! a fear--entering the on  in around From that and in of"
"Will the journey to Venus will be short or long? Why do you think so? ","her or thought OK, boy, Mosby, mystery reprogram the no of raised  him,  said. meant Shiranna going being many word. As family"
"Will the journey to Venus will be short or long? Why do you think so? ","was Smith, normal and She of sticky the at scared care end,  would help Does entire she was circles. been larger artificially"
